CREATE TABLE "QGG13Heroes" (
    "Name" TEXT NOT NULL);

INSERT OR REPLACE INTO QGG13Heroes(Name) VALUES
('DELIVERANCE'),
('REALME'),
('DISCIPLINE'),
('GOLD'),
('HELIX'),
('DECIMATION'),
('BODHI'),
('SETSUNA'),
('DAYBREAK'),
('INFINITY'),
('STARS'),
('VICISSITUDE'),
('REVERIE');

CREATE TABLE "QGG13HeroesBuildings" (
		"BuildingType" TEXT NOT NULL,
		"Name" TEXT NOT NULL,
        "Description" TEXT,
		"MaxPlayerInstances" INTEGER NOT NULL DEFAULT -1,
        "PrereqDistrict" TEXT,
        "PurchaseYield" TEXT,
		"Cost" INTEGER NOT NULL,
        "AdvisorType" TEXT,
		"Entertainment" INTEGER NOT NULL DEFAULT 0,
		"Maintenance" INTEGER NOT NULL DEFAULT 0,
		"TraitType" TEXT,
		"RegionalRange" INTEGER NOT NULL DEFAULT 0);

INSERT OR REPLACE INTO Types(Type,Kind) VALUES
 ('TRAIT_LEADER_QGG_HOH_ELYSIA_BUILDINGS','KIND_TRAIT');

INSERT OR REPLACE INTO Traits(TraitType) VALUES
('TRAIT_LEADER_QGG_HOH_ELYSIA_BUILDINGS');

INSERT OR REPLACE INTO LeaderTraits(LeaderType,TraitType) VALUES
('LEADER_QGG_HOH_ELYSIA','TRAIT_LEADER_QGG_HOH_ELYSIA_BUILDINGS');

INSERT OR REPLACE INTO QGG13HeroesBuildings(BuildingType,Name,Description,MaxPlayerInstances,PrereqDistrict,PurchaseYield,Cost,AdvisorType,Entertainment,Maintenance,TraitType,RegionalRange)
SELECT 'BUILDING_QGG_HOH_ELYSIA_'||Name,'LOC_BUILDING_QGG_HOH_ELYSIA_'||Name||'_NAME','LOC_BUILDING_QGG_HOH_ELYSIA_'||Name||'_DESCRIPTION',1,'DISTRICT_QGG_HOH_ELYSIA','YIELD_GOLD','220','ADVISOR_TECHNOLOGY',1,0,'TRAIT_LEADER_QGG_HOH_ELYSIA_BUILDINGS',12
FROM QGG13Heroes WHERE Name!='REALME';

INSERT OR REPLACE INTO Types(Type,Kind)
SELECT BuildingType,'KIND_BUILDING' FROM QGG13HeroesBuildings;

INSERT OR REPLACE INTO Buildings(BuildingType,Name,Description,MaxPlayerInstances,PrereqDistrict,PurchaseYield,Cost,AdvisorType,Entertainment,Maintenance,TraitType,RegionalRange)
SELECT BuildingType,Name,Description,MaxPlayerInstances,PrereqDistrict,PurchaseYield,Cost,AdvisorType,Entertainment,Maintenance,TraitType,RegionalRange
FROM QGG13HeroesBuildings;

INSERT OR REPLACE INTO Building_YieldChanges(BuildingType,YieldType,YieldChange)
SELECT QGG13HeroesBuildings.BuildingType,Yields.YieldType,1
FROM QGG13HeroesBuildings,Yields;

--INSERT OR REPLACE INTO MutuallyExclusiveBuildings(Building,MutuallyExclusiveBuilding)
--SELECT A.BuildingType,B.BuildingType
--FROM QGG13HeroesBuildings A,QGG13HeroesBuildings B WHERE A.BuildingType!=B.BuildingType;
--
INSERT OR REPLACE INTO MomentIllustrations(MomentIllustrationType,MomentDataType,GameDataType,Texture)
SELECT 'MOMENT_ILLUSTRATION_UNIQUE_BUILDING','MOMENT_DATA_BUILDING',BuildingType,'MOMENT_'||BuildingType
FROM QGG13HeroesBuildings;

INSERT OR REPLACE INTO MomentIllustrations(MomentIllustrationType,MomentDataType,GameDataType,Texture) VALUES
('MOMENT_ILLUSTRATION_UNIQUE_DISTRICT','MOMENT_DATA_DISTRICT','DISTRICT_QGG_HOH_ELYSIA','MOMENT_DISTRICT_QGG_HOH_ELYSIA');

--
INSERT OR REPLACE INTO BuildingModifiers (BuildingType, ModifierId) VALUES 
('BUILDING_QGG_HOH_ELYSIA_DELIVERANCE', 'BUILDING_QGG_HOH_ELYSIA_DELIVERANCE_STR');
INSERT OR REPLACE INTO Modifiers (ModifierId, ModifierType, RunOnce, Permanent, NewOnly, OwnerRequirementSetId, SubjectRequirementSetId) VALUES 
('BUILDING_QGG_HOH_ELYSIA_DELIVERANCE_STR', 'MODIFIER_PLAYER_UNITS_ADJUST_COMBAT_STRENGTH', 0, 0, 0, NULL, NULL);
INSERT OR REPLACE INTO ModifierArguments (ModifierId, Name, Value) VALUES 
('BUILDING_QGG_HOH_ELYSIA_DELIVERANCE_STR', 'Amount', '2');
--
INSERT OR REPLACE INTO BuildingModifiers (BuildingType, ModifierId)
SELECT 'BUILDING_QGG_HOH_ELYSIA_DELIVERANCE','BUILDING_QGG_HOH_ELYSIA_DELIVERANCE_'||YieldType
FROM Yields;
INSERT OR REPLACE INTO Modifiers (ModifierId, ModifierType, RunOnce, Permanent, NewOnly, OwnerRequirementSetId, SubjectRequirementSetId)
SELECT 'BUILDING_QGG_HOH_ELYSIA_DELIVERANCE_'||YieldType,'MODIFIER_PLAYER_CITIES_ADJUST_CITY_YIELD_MODIFIER', 0, 0, 0, NULL, NULL
FROM Yields;
INSERT OR REPLACE INTO ModifierArguments (ModifierId, Name, Value)
        SELECT 'BUILDING_QGG_HOH_ELYSIA_DELIVERANCE_'||YieldType,'Amount',12 FROM Yields
UNION   SELECT 'BUILDING_QGG_HOH_ELYSIA_DELIVERANCE_'||YieldType,'YieldType',YieldType FROM Yields;
--
INSERT OR REPLACE INTO BuildingModifiers (BuildingType, ModifierId) VALUES 
('BUILDING_QGG_HOH_ELYSIA_DISCIPLINE', 'BUILDING_QGG_HOH_ELYSIA_DISCIPLINE_DISTRICT_PRODUCTION');
INSERT OR REPLACE INTO Modifiers (ModifierId, ModifierType, RunOnce, Permanent, NewOnly, OwnerRequirementSetId, SubjectRequirementSetId) VALUES 
('BUILDING_QGG_HOH_ELYSIA_DISCIPLINE_DISTRICT_PRODUCTION', 'MODIFIER_PLAYER_CITIES_ADJUST_ALL_DISTRICTS_PRODUCTION', 0, 0, 0, NULL, NULL);
INSERT OR REPLACE INTO ModifierArguments (ModifierId, Name, Value) VALUES 
('BUILDING_QGG_HOH_ELYSIA_DISCIPLINE_DISTRICT_PRODUCTION', 'Amount', '20');
--
INSERT OR REPLACE INTO BuildingModifiers (BuildingType, ModifierId) VALUES 
('BUILDING_QGG_HOH_ELYSIA_DISCIPLINE', 'BUILDING_QGG_HOH_ELYSIA_DISCIPLINE_SLOTS');
INSERT OR REPLACE INTO Modifiers (ModifierId, ModifierType, RunOnce, Permanent, NewOnly, OwnerRequirementSetId, SubjectRequirementSetId) VALUES 
('BUILDING_QGG_HOH_ELYSIA_DISCIPLINE_SLOTS', 'MODIFIER_PLAYER_CULTURE_ADJUST_GOVERNMENT_SLOTS_MODIFIER', 0, 0, 0, NULL, NULL);
INSERT OR REPLACE INTO ModifierArguments (ModifierId, Name, Value) VALUES 
('BUILDING_QGG_HOH_ELYSIA_DISCIPLINE_SLOTS', 'GovernmentSlotType', 'SLOT_WILDCARD');

INSERT OR REPLACE INTO BuildingModifiers (BuildingType, ModifierId) VALUES 
('BUILDING_QGG_HOH_ELYSIA_DISCIPLINE', 'BUILDING_QGG_HOH_ELYSIA_DISCIPLINE_ADJACENCY');
INSERT OR REPLACE INTO Modifiers (ModifierId, ModifierType, RunOnce, Permanent, NewOnly, OwnerRequirementSetId, SubjectRequirementSetId) VALUES 
('BUILDING_QGG_HOH_ELYSIA_DISCIPLINE_ADJACENCY', 'MODIFIER_PLAYER_DISTRICTS_ADJUST_YIELD_MODIFIER', 0, 0, 0, NULL, 'DISTRICT_IS_HOLY_SITE');
INSERT OR REPLACE INTO ModifierArguments (ModifierId, Name, Value) VALUES 
('BUILDING_QGG_HOH_ELYSIA_DISCIPLINE_ADJACENCY', 'Amount', '120'), 
('BUILDING_QGG_HOH_ELYSIA_DISCIPLINE_ADJACENCY', 'YieldType', 'YIELD_FAITH');

--
INSERT OR REPLACE INTO BuildingModifiers (BuildingType, ModifierId) VALUES 
('BUILDING_QGG_HOH_ELYSIA_GOLD', 'BUILDING_QGG_HOH_ELYSIA_GOLD_ADJACENCY');
INSERT OR REPLACE INTO Modifiers (ModifierId, ModifierType, RunOnce, Permanent, NewOnly, OwnerRequirementSetId, SubjectRequirementSetId) VALUES 
('BUILDING_QGG_HOH_ELYSIA_GOLD_ADJACENCY', 'MODIFIER_PLAYER_DISTRICTS_ADJUST_YIELD_MODIFIER', 0, 0, 0, NULL, 'DISTRICT_IS_THEATER');
INSERT OR REPLACE INTO ModifierArguments (ModifierId, Name, Value) VALUES 
('BUILDING_QGG_HOH_ELYSIA_GOLD_ADJACENCY', 'Amount', '100'), 
('BUILDING_QGG_HOH_ELYSIA_GOLD_ADJACENCY', 'YieldType', 'YIELD_CULTURE');
--
INSERT OR REPLACE INTO BuildingModifiers (BuildingType, ModifierId) VALUES 
('BUILDING_QGG_HOH_ELYSIA_GOLD', 'BUILDING_QGG_HOH_ELYSIA_GOLD_INSPIRATION');
INSERT OR REPLACE INTO Modifiers (ModifierId, ModifierType, RunOnce, Permanent, NewOnly, OwnerRequirementSetId, SubjectRequirementSetId) VALUES 
('BUILDING_QGG_HOH_ELYSIA_GOLD_INSPIRATION', 'MODIFIER_PLAYER_ADJUST_CIVIC_BOOST', 0, 0, 0, NULL, NULL);
INSERT OR REPLACE INTO ModifierArguments (ModifierId, Name, Value) VALUES 
('BUILDING_QGG_HOH_ELYSIA_GOLD_INSPIRATION', 'Amount', '12');
--
INSERT OR REPLACE INTO BuildingModifiers (BuildingType, ModifierId) VALUES 
('BUILDING_QGG_HOH_ELYSIA_HELIX', 'BUILDING_QGG_HOH_ELYSIA_HELIX_ADJACENCY');
INSERT OR REPLACE INTO Modifiers (ModifierId, ModifierType, RunOnce, Permanent, NewOnly, OwnerRequirementSetId, SubjectRequirementSetId) VALUES 
('BUILDING_QGG_HOH_ELYSIA_HELIX_ADJACENCY', 'MODIFIER_PLAYER_DISTRICTS_ADJUST_YIELD_MODIFIER', 0, 0, 0, NULL, 'DISTRICT_IS_INDUSTRIAL_ZONE');
INSERT OR REPLACE INTO ModifierArguments (ModifierId, Name, Value) VALUES 
('BUILDING_QGG_HOH_ELYSIA_HELIX_ADJACENCY', 'Amount', '150'), 
('BUILDING_QGG_HOH_ELYSIA_HELIX_ADJACENCY', 'YieldType', 'YIELD_PRODUCTION');
--
INSERT OR REPLACE INTO BuildingModifiers (BuildingType, ModifierId) VALUES 
('BUILDING_QGG_HOH_ELYSIA_HELIX', 'BUILDING_QGG_HOH_ELYSIA_HELIX_ADJACENCY_YIELD');
INSERT OR REPLACE INTO Modifiers (ModifierId, ModifierType, RunOnce, Permanent, NewOnly, OwnerRequirementSetId, SubjectRequirementSetId) VALUES 
('BUILDING_QGG_HOH_ELYSIA_HELIX_ADJACENCY_YIELD', 'QGG_HOH_MODIFIER_PLAYER_DISTRICTS_ADJUST_BASE_YIELD_CHANGE', 0, 0, 0, NULL, 'DISTRICT_IS_INDUSTRIAL_ZONE');
INSERT OR REPLACE INTO ModifierArguments (ModifierId, Name, Value) VALUES 
('BUILDING_QGG_HOH_ELYSIA_HELIX_ADJACENCY_YIELD', 'Amount', '2'), 
('BUILDING_QGG_HOH_ELYSIA_HELIX_ADJACENCY_YIELD', 'YieldType', 'YIELD_PRODUCTION');
-- Custom ModifierType
INSERT OR REPLACE INTO Types (Type, Kind) VALUES 
('QGG_HOH_MODIFIER_PLAYER_DISTRICTS_ADJUST_BASE_YIELD_CHANGE', 'KIND_MODIFIER');
INSERT OR REPLACE INTO DynamicModifiers (ModifierType, CollectionType, EffectType) VALUES 
('QGG_HOH_MODIFIER_PLAYER_DISTRICTS_ADJUST_BASE_YIELD_CHANGE', 'COLLECTION_PLAYER_DISTRICTS', 'EFFECT_ADJUST_DISTRICT_BASE_YIELD_CHANGE');
--
INSERT OR REPLACE INTO BuildingModifiers (BuildingType, ModifierId) VALUES 
('BUILDING_QGG_HOH_ELYSIA_HELIX', 'BUILDING_QGG_HOH_ELYSIA_HELIX_ADJACENCY_YIELD');
INSERT OR REPLACE INTO Modifiers (ModifierId, ModifierType, RunOnce, Permanent, NewOnly, OwnerRequirementSetId, SubjectRequirementSetId) VALUES 
('BUILDING_QGG_HOH_ELYSIA_HELIX_ADJACENCY_YIELD', 'MODIFIER_PLAYER_DISTRICTS_ADJUST_EXTRA_REGIONAL_RANGE', 0, 0, 0, NULL, 'DISTRICT_IS_INDUSTRIAL_ZONE');
INSERT OR REPLACE INTO ModifierArguments (ModifierId, Name, Value) VALUES 
('BUILDING_QGG_HOH_ELYSIA_HELIX_ADJACENCY_YIELD', 'Amount', '3');
--
INSERT OR REPLACE INTO BuildingModifiers (BuildingType, ModifierId) VALUES 
('BUILDING_QGG_HOH_ELYSIA_DECIMATION', 'BUILDING_QGG_HOH_ELYSIA_DECIMATION_KILL_HEAL');
INSERT OR REPLACE INTO Modifiers (ModifierId, ModifierType, RunOnce, Permanent, NewOnly, OwnerRequirementSetId, SubjectRequirementSetId) VALUES 
('BUILDING_QGG_HOH_ELYSIA_DECIMATION_KILL_HEAL', 'MODIFIER_PLAYER_UNITS_ADJUST_HEAL_FROM_COMBAT', 0, 0, 0, NULL, NULL);
INSERT OR REPLACE INTO ModifierArguments (ModifierId, Name, Value) VALUES 
('BUILDING_QGG_HOH_ELYSIA_DECIMATION_KILL_HEAL', 'Amount', '15');

INSERT OR REPLACE INTO BuildingModifiers (BuildingType, ModifierId) VALUES 
('BUILDING_QGG_HOH_ELYSIA_DECIMATION', 'BUILDING_QGG_HOH_ELYSIA_DECIMATION_ADJACENCY');
INSERT OR REPLACE INTO Modifiers (ModifierId, ModifierType, RunOnce, Permanent, NewOnly, OwnerRequirementSetId, SubjectRequirementSetId) VALUES 
('BUILDING_QGG_HOH_ELYSIA_DECIMATION_ADJACENCY', 'MODIFIER_PLAYER_DISTRICTS_ADJUST_YIELD_MODIFIER', 0, 0, 0, NULL, 'DISTRICT_IS_ENCAMPMENT');
INSERT OR REPLACE INTO ModifierArguments (ModifierId, Name, Value) VALUES 
('BUILDING_QGG_HOH_ELYSIA_DECIMATION_ADJACENCY', 'Amount', '120'), 
('BUILDING_QGG_HOH_ELYSIA_DECIMATION_ADJACENCY', 'YieldType', 'YIELD_PRODUCTION');

INSERT OR REPLACE INTO BuildingModifiers (BuildingType, ModifierId) VALUES 
('BUILDING_QGG_HOH_ELYSIA_DECIMATION', 'BUILDING_QGG_HOH_ELYSIA_DECIMATION_ADJACENCY_YIELD');
INSERT OR REPLACE INTO Modifiers (ModifierId, ModifierType, RunOnce, Permanent, NewOnly, OwnerRequirementSetId, SubjectRequirementSetId) VALUES 
('BUILDING_QGG_HOH_ELYSIA_DECIMATION_ADJACENCY_YIELD', 'QGG_HOH_MODIFIER_PLAYER_DISTRICTS_ADJUST_BASE_YIELD_CHANGE', 0, 0, 0, NULL, 'DISTRICT_IS_ENCAMPMENT');
INSERT OR REPLACE INTO ModifierArguments (ModifierId, Name, Value) VALUES 
('BUILDING_QGG_HOH_ELYSIA_DECIMATION_ADJACENCY_YIELD', 'Amount', '2'), 
('BUILDING_QGG_HOH_ELYSIA_DECIMATION_ADJACENCY_YIELD', 'YieldType', 'YIELD_PRODUCTION');
--
INSERT OR REPLACE INTO BuildingModifiers (BuildingType, ModifierId) VALUES 
('BUILDING_QGG_HOH_ELYSIA_DECIMATION', 'BUILDING_QGG_HOH_ELYSIA_DECIMATION_COST');
INSERT OR REPLACE INTO Modifiers (ModifierId, ModifierType, RunOnce, Permanent, NewOnly, OwnerRequirementSetId, SubjectRequirementSetId) VALUES 
('BUILDING_QGG_HOH_ELYSIA_DECIMATION_COST', 'MODIFIER_PLAYER_ADJUST_UNIT_MAINTENANCE_DISCOUNT', 0, 0, 0, NULL, NULL);
INSERT OR REPLACE INTO ModifierArguments (ModifierId, Name, Value) VALUES 
('BUILDING_QGG_HOH_ELYSIA_DECIMATION_COST', 'Amount', '1');
--
INSERT OR REPLACE INTO BuildingModifiers (BuildingType, ModifierId) VALUES 
('BUILDING_QGG_HOH_ELYSIA_DECIMATION', 'BUILDING_QGG_HOH_ELYSIA_DECIMATION_SLOT');
INSERT OR REPLACE INTO Modifiers (ModifierId, ModifierType, RunOnce, Permanent, NewOnly, OwnerRequirementSetId, SubjectRequirementSetId) VALUES 
('BUILDING_QGG_HOH_ELYSIA_DECIMATION_SLOT', 'MODIFIER_PLAYER_CULTURE_ADJUST_GOVERNMENT_SLOTS_MODIFIER', 0, 0, 0, NULL, NULL);
INSERT OR REPLACE INTO ModifierArguments (ModifierId, Name, Value) VALUES 
('BUILDING_QGG_HOH_ELYSIA_DECIMATION_SLOT', 'GovernmentSlotType', 'SLOT_MILITARY');
--
INSERT OR REPLACE INTO BuildingModifiers (BuildingType, ModifierId) VALUES 
('BUILDING_QGG_HOH_ELYSIA_BODHI', 'BUILDING_QGG_HOH_ELYSIA_BODHI_SLOT');
INSERT OR REPLACE INTO Modifiers (ModifierId, ModifierType, RunOnce, Permanent, NewOnly, OwnerRequirementSetId, SubjectRequirementSetId) VALUES 
('BUILDING_QGG_HOH_ELYSIA_BODHI_SLOT', 'MODIFIER_PLAYER_CULTURE_ADJUST_GOVERNMENT_SLOTS_MODIFIER', 0, 0, 0, NULL, NULL);
INSERT OR REPLACE INTO ModifierArguments (ModifierId, Name, Value) VALUES 
('BUILDING_QGG_HOH_ELYSIA_BODHI_SLOT', 'GovernmentSlotType', 'SLOT_DIPLOMATIC');
--
INSERT OR REPLACE INTO BuildingModifiers (BuildingType, ModifierId) VALUES 
('BUILDING_QGG_HOH_ELYSIA_BODHI', 'BUILDING_QGG_HOH_ELYSIA_BODHI_VIS');
INSERT OR REPLACE INTO Modifiers (ModifierId, ModifierType, RunOnce, Permanent, NewOnly, OwnerRequirementSetId, SubjectRequirementSetId) VALUES 
('BUILDING_QGG_HOH_ELYSIA_BODHI_VIS', 'MODIFIER_PLAYER_ADD_DIPLO_VISIBILITY', 0, 0, 0, NULL, NULL);
INSERT OR REPLACE INTO ModifierArguments (ModifierId, Name, Value) VALUES 
('BUILDING_QGG_HOH_ELYSIA_BODHI_VIS', 'Amount', '1'), 
('BUILDING_QGG_HOH_ELYSIA_BODHI_VIS', 'Source', 'SOURCE_TRAIT'), 
('BUILDING_QGG_HOH_ELYSIA_BODHI_VIS', 'SourceType', 'DIPLO_SOURCE_ALL_NAMES');
--
INSERT OR REPLACE INTO BuildingModifiers (BuildingType, ModifierId) VALUES 
('BUILDING_QGG_HOH_ELYSIA_BODHI', 'BUILDING_QGG_HOH_ELYSIA_BODHI_INFLUENCEPOINTS');
INSERT OR REPLACE INTO Modifiers (ModifierId, ModifierType, RunOnce, Permanent, NewOnly, OwnerRequirementSetId, SubjectRequirementSetId) VALUES 
('BUILDING_QGG_HOH_ELYSIA_BODHI_INFLUENCEPOINTS', 'MODIFIER_PLAYER_ADJUST_INFLUENCE_POINTS_PER_TURN', 0, 0, 0, NULL, NULL);
INSERT OR REPLACE INTO ModifierArguments (ModifierId, Name, Value) VALUES 
('BUILDING_QGG_HOH_ELYSIA_BODHI_INFLUENCEPOINTS', 'Amount', '12');
--悄悄增强
INSERT OR REPLACE INTO BuildingModifiers (BuildingType, ModifierId) VALUES 
('BUILDING_QGG_HOH_ELYSIA_BODHI', 'BUILDING_QGG_HOH_ELYSIA_BODHI_INFLUENCEPOINTS2');
INSERT OR REPLACE INTO Modifiers (ModifierId, ModifierType, RunOnce, Permanent, NewOnly, OwnerRequirementSetId, SubjectRequirementSetId) VALUES 
('BUILDING_QGG_HOH_ELYSIA_BODHI_INFLUENCEPOINTS2', 'MODIFIER_PLAYER_ADJUST_INFLUENCE_POINTS_PER_TURN', 0, 0, 0, NULL, NULL);
INSERT OR REPLACE INTO ModifierArguments (ModifierId, Name, Value) VALUES 
('BUILDING_QGG_HOH_ELYSIA_BODHI_INFLUENCEPOINTS2', 'Amount', '12');
--
INSERT OR REPLACE INTO BuildingModifiers (BuildingType, ModifierId) VALUES 
('BUILDING_QGG_HOH_ELYSIA_SETSUNA', 'BUILDING_QGG_HOH_ELYSIA_SETSUNA_AMENITY');
INSERT OR REPLACE INTO Modifiers (ModifierId, ModifierType, RunOnce, Permanent, NewOnly, OwnerRequirementSetId, SubjectRequirementSetId) VALUES 
('BUILDING_QGG_HOH_ELYSIA_SETSUNA_AMENITY', 'MODIFIER_PLAYER_CITIES_ADJUST_TRAIT_AMENITY', 0, 0, 0, NULL, NULL);
INSERT OR REPLACE INTO ModifierArguments (ModifierId, Name, Value) VALUES 
('BUILDING_QGG_HOH_ELYSIA_SETSUNA_AMENITY', 'Amount', '1');
--
INSERT OR REPLACE INTO BuildingModifiers (BuildingType, ModifierId) VALUES 
('BUILDING_QGG_HOH_ELYSIA_SETSUNA', 'BUILDING_QGG_HOH_ELYSIA_SETSUNA_BUILDING_PRODUCTION1');
INSERT OR REPLACE INTO Modifiers (ModifierId, ModifierType, RunOnce, Permanent, NewOnly, OwnerRequirementSetId, SubjectRequirementSetId) VALUES 
('BUILDING_QGG_HOH_ELYSIA_SETSUNA_BUILDING_PRODUCTION1', 'MODIFIER_PLAYER_CITIES_ADJUST_BUILDING_PRODUCTION', 0, 0, 0, NULL, NULL);
INSERT OR REPLACE INTO ModifierArguments (ModifierId, Name, Value) VALUES 
('BUILDING_QGG_HOH_ELYSIA_SETSUNA_BUILDING_PRODUCTION1', 'Amount', '50'), 
('BUILDING_QGG_HOH_ELYSIA_SETSUNA_BUILDING_PRODUCTION1', 'DistrictType', 'DISTRICT_QGG_HOH_ELYSIA');
INSERT OR REPLACE INTO BuildingModifiers (BuildingType, ModifierId) VALUES 
('BUILDING_QGG_HOH_ELYSIA_SETSUNA', 'BUILDING_QGG_HOH_ELYSIA_SETSUNA_BUILDING_PRODUCTION2');
INSERT OR REPLACE INTO Modifiers (ModifierId, ModifierType, RunOnce, Permanent, NewOnly, OwnerRequirementSetId, SubjectRequirementSetId) VALUES 
('BUILDING_QGG_HOH_ELYSIA_SETSUNA_BUILDING_PRODUCTION2', 'MODIFIER_PLAYER_CITIES_ADJUST_BUILDING_PRODUCTION', 0, 0, 0, NULL, NULL);
INSERT OR REPLACE INTO ModifierArguments (ModifierId, Name, Value) VALUES 
('BUILDING_QGG_HOH_ELYSIA_SETSUNA_BUILDING_PRODUCTION2', 'Amount', '50'), 
('BUILDING_QGG_HOH_ELYSIA_SETSUNA_BUILDING_PRODUCTION2', 'DistrictType', 'DISTRICT_ENTERTAINMENT_COMPLEX');
INSERT OR REPLACE INTO BuildingModifiers (BuildingType, ModifierId) VALUES 
('BUILDING_QGG_HOH_ELYSIA_SETSUNA', 'BUILDING_QGG_HOH_ELYSIA_SETSUNA_BUILDING_PRODUCTION3');
INSERT OR REPLACE INTO Modifiers (ModifierId, ModifierType, RunOnce, Permanent, NewOnly, OwnerRequirementSetId, SubjectRequirementSetId) VALUES 
('BUILDING_QGG_HOH_ELYSIA_SETSUNA_BUILDING_PRODUCTION3', 'MODIFIER_PLAYER_CITIES_ADJUST_BUILDING_PRODUCTION', 0, 0, 0, NULL, NULL);
INSERT OR REPLACE INTO ModifierArguments (ModifierId, Name, Value) VALUES 
('BUILDING_QGG_HOH_ELYSIA_SETSUNA_BUILDING_PRODUCTION3', 'Amount', '50'), 
('BUILDING_QGG_HOH_ELYSIA_SETSUNA_BUILDING_PRODUCTION3', 'DistrictType', 'DISTRICT_WATER_ENTERTAINMENT_COMPLEX');
--
INSERT OR REPLACE INTO BuildingModifiers (BuildingType, ModifierId) VALUES 
('BUILDING_QGG_HOH_ELYSIA_SETSUNA', 'BUILDING_QGG_HOH_ELYSIA_SETSUNA_DISTRICT_PRODUCTION1');
INSERT OR REPLACE INTO Modifiers (ModifierId, ModifierType, RunOnce, Permanent, NewOnly, OwnerRequirementSetId, SubjectRequirementSetId) VALUES 
('BUILDING_QGG_HOH_ELYSIA_SETSUNA_DISTRICT_PRODUCTION1', 'MODIFIER_PLAYER_CITIES_ADJUST_DISTRICT_PRODUCTION', 0, 0, 0, NULL, NULL);
INSERT OR REPLACE INTO ModifierArguments (ModifierId, Name, Value) VALUES 
('BUILDING_QGG_HOH_ELYSIA_SETSUNA_DISTRICT_PRODUCTION1', 'Amount', '50'), 
('BUILDING_QGG_HOH_ELYSIA_SETSUNA_DISTRICT_PRODUCTION1', 'DistrictType', 'DISTRICT_QGG_HOH_ELYSIA');
INSERT OR REPLACE INTO BuildingModifiers (BuildingType, ModifierId) VALUES 
('BUILDING_QGG_HOH_ELYSIA_SETSUNA', 'BUILDING_QGG_HOH_ELYSIA_SETSUNA_DISTRICT_PRODUCTION2');
INSERT OR REPLACE INTO Modifiers (ModifierId, ModifierType, RunOnce, Permanent, NewOnly, OwnerRequirementSetId, SubjectRequirementSetId) VALUES 
('BUILDING_QGG_HOH_ELYSIA_SETSUNA_DISTRICT_PRODUCTION2', 'MODIFIER_PLAYER_CITIES_ADJUST_DISTRICT_PRODUCTION', 0, 0, 0, NULL, NULL);
INSERT OR REPLACE INTO ModifierArguments (ModifierId, Name, Value) VALUES 
('BUILDING_QGG_HOH_ELYSIA_SETSUNA_DISTRICT_PRODUCTION2', 'Amount', '50'), 
('BUILDING_QGG_HOH_ELYSIA_SETSUNA_DISTRICT_PRODUCTION2', 'DistrictType', 'DISTRICT_ENTERTAINMENT_COMPLEX');
INSERT OR REPLACE INTO BuildingModifiers (BuildingType, ModifierId) VALUES 
('BUILDING_QGG_HOH_ELYSIA_SETSUNA', 'BUILDING_QGG_HOH_ELYSIA_SETSUNA_DISTRICT_PRODUCTION3');
INSERT OR REPLACE INTO Modifiers (ModifierId, ModifierType, RunOnce, Permanent, NewOnly, OwnerRequirementSetId, SubjectRequirementSetId) VALUES 
('BUILDING_QGG_HOH_ELYSIA_SETSUNA_DISTRICT_PRODUCTION3', 'MODIFIER_PLAYER_CITIES_ADJUST_DISTRICT_PRODUCTION', 0, 0, 0, NULL, NULL);
INSERT OR REPLACE INTO ModifierArguments (ModifierId, Name, Value) VALUES 
('BUILDING_QGG_HOH_ELYSIA_SETSUNA_DISTRICT_PRODUCTION3', 'Amount', '50'), 
('BUILDING_QGG_HOH_ELYSIA_SETSUNA_DISTRICT_PRODUCTION3', 'DistrictType', 'DISTRICT_WATER_ENTERTAINMENT_COMPLEX');
--
INSERT OR REPLACE INTO BuildingModifiers (BuildingType, ModifierId) VALUES 
('BUILDING_QGG_HOH_ELYSIA_DAYBREAK', 'BUILDING_QGG_HOH_ELYSIA_DAYBREAK_GPP');
INSERT OR REPLACE INTO Modifiers (ModifierId, ModifierType, RunOnce, Permanent, NewOnly, OwnerRequirementSetId, SubjectRequirementSetId) VALUES 
('BUILDING_QGG_HOH_ELYSIA_DAYBREAK_GPP', 'MODIFIER_PLAYER_CITIES_ADJUST_GREAT_PERSON_POINT_BONUS', 0, 0, 0, NULL, NULL);
INSERT OR REPLACE INTO ModifierArguments (ModifierId, Name, Value) VALUES 
('BUILDING_QGG_HOH_ELYSIA_DAYBREAK_GPP', 'Amount', '20');
--
INSERT OR REPLACE INTO BuildingModifiers (BuildingType, ModifierId) VALUES 
('BUILDING_QGG_HOH_ELYSIA_DAYBREAK', 'BUILDING_QGG_HOH_ELYSIA_DAYBREAK_SCORE');
INSERT OR REPLACE INTO Modifiers (ModifierId, ModifierType, RunOnce, Permanent, NewOnly, OwnerRequirementSetId, SubjectRequirementSetId) VALUES 
('BUILDING_QGG_HOH_ELYSIA_DAYBREAK_SCORE', 'MODIFIER_PLAYER_ADJUST_PLAYER_ERA_SCORE_PER_PRIDE_MOMENT', 0, 0, 0, NULL, NULL);
INSERT OR REPLACE INTO ModifierArguments (ModifierId, Name, Value) VALUES 
('BUILDING_QGG_HOH_ELYSIA_DAYBREAK_SCORE', 'Amount', '1'), 
('BUILDING_QGG_HOH_ELYSIA_DAYBREAK_SCORE', 'MinScore', '1');

INSERT OR REPLACE INTO BuildingModifiers (BuildingType, ModifierId)
SELECT 'BUILDING_QGG_HOH_ELYSIA_DAYBREAK','BUILDING_QGG_HOH_ELYSIA_DAYBREAK_'||GreatPersonClassType
FROM GreatPersonClasses;
INSERT OR REPLACE INTO Modifiers (ModifierId, ModifierType, RunOnce, Permanent, NewOnly, OwnerRequirementSetId, SubjectRequirementSetId)
SELECT 'BUILDING_QGG_HOH_ELYSIA_DAYBREAK_'||GreatPersonClassType,'MODIFIER_PLAYER_ADJUST_GREAT_PERSON_POINTS', 0, 0, 0, NULL, NULL
FROM GreatPersonClasses;
INSERT OR REPLACE INTO ModifierArguments(ModifierId,	Name,		Value) 
SELECT 'BUILDING_QGG_HOH_ELYSIA_DAYBREAK_'||GreatPersonClassType,'GreatPersonClassType',	GreatPersonClassType 
FROM GreatPersonClasses;
INSERT OR REPLACE INTO ModifierArguments(ModifierId,	Name,		Value) 
SELECT 'BUILDING_QGG_HOH_ELYSIA_DAYBREAK_'||GreatPersonClassType,'Amount',	2
FROM GreatPersonClasses;
--
INSERT OR REPLACE INTO BuildingModifiers (BuildingType, ModifierId) VALUES 
('BUILDING_QGG_HOH_ELYSIA_INFINITY', 'BUILDING_QGG_HOH_ELYSIA_INFINITY_ADJACENCY');
INSERT OR REPLACE INTO Modifiers (ModifierId, ModifierType, RunOnce, Permanent, NewOnly, OwnerRequirementSetId, SubjectRequirementSetId) VALUES 
('BUILDING_QGG_HOH_ELYSIA_INFINITY_ADJACENCY', 'MODIFIER_PLAYER_DISTRICTS_ADJUST_YIELD_MODIFIER', 0, 0, 0, NULL, 'DISTRICT_IS_CAMPUS');
INSERT OR REPLACE INTO ModifierArguments (ModifierId, Name, Value) VALUES 
('BUILDING_QGG_HOH_ELYSIA_INFINITY_ADJACENCY', 'Amount', '150'), 
('BUILDING_QGG_HOH_ELYSIA_INFINITY_ADJACENCY', 'YieldType', 'YIELD_SCIENCE');
--
INSERT OR REPLACE INTO BuildingModifiers (BuildingType, ModifierId) VALUES 
('BUILDING_QGG_HOH_ELYSIA_INFINITY', 'BUILDING_QGG_HOH_ELYSIA_INFINITY_ULK');
INSERT OR REPLACE INTO Modifiers (ModifierId, ModifierType, RunOnce, Permanent, NewOnly, OwnerRequirementSetId, SubjectRequirementSetId) VALUES 
('BUILDING_QGG_HOH_ELYSIA_INFINITY_ULK', 'MODIFIER_PLAYER_ADJUST_TECHNOLOGY_BOOST', 0, 0, 0, NULL, NULL);
INSERT OR REPLACE INTO ModifierArguments (ModifierId, Name, Value) VALUES 
('BUILDING_QGG_HOH_ELYSIA_INFINITY_ULK', 'Amount', '12');
--
INSERT OR REPLACE INTO BuildingModifiers (BuildingType, ModifierId) VALUES 
('BUILDING_QGG_HOH_ELYSIA_STARS', 'BUILDING_QGG_HOH_ELYSIA_STARS_PRODUCTION');
INSERT OR REPLACE INTO Modifiers (ModifierId, ModifierType, RunOnce, Permanent, NewOnly, OwnerRequirementSetId, SubjectRequirementSetId) VALUES 
('BUILDING_QGG_HOH_ELYSIA_STARS_PRODUCTION', 'MODIFIER_PLAYER_CITIES_ADJUST_SPACE_RACE_PROJECTS_PRODUCTION', 0, 0, 0, NULL, NULL);
INSERT OR REPLACE INTO ModifierArguments (ModifierId, Name, Value) VALUES 
('BUILDING_QGG_HOH_ELYSIA_STARS_PRODUCTION', 'Amount', '30');

-- Custom ModifierType

insert or replace into Types (Type, Kind) VALUES 
('QGGHOH_MODIFIER_PLAYER_CITIES_ADJUST_YIELD_MODIFIER_FROM_FAITH', 'KIND_MODIFIER');

insert or replace into DynamicModifiers (ModifierType, CollectionType, EffectType) VALUES 
('QGGHOH_MODIFIER_PLAYER_CITIES_ADJUST_YIELD_MODIFIER_FROM_FAITH', 'COLLECTION_PLAYER_CITIES', 'EFFECT_ADJUST_CITY_YIELD_MODIFIER_FROM_FAITH');

INSERT OR REPLACE INTO BuildingModifiers (BuildingType, ModifierId)
SELECT 'BUILDING_QGG_HOH_ELYSIA_STARS','BUILDING_QGG_HOH_ELYSIA_STARS_'||YieldType
FROM Yields where Yields.YieldType != 'YIELD_FAITH';
INSERT OR REPLACE INTO Modifiers (ModifierId, ModifierType, RunOnce, Permanent, NewOnly, OwnerRequirementSetId, SubjectRequirementSetId)
SELECT 'BUILDING_QGG_HOH_ELYSIA_STARS_'||YieldType,'QGGHOH_MODIFIER_PLAYER_CITIES_ADJUST_YIELD_MODIFIER_FROM_FAITH', 0, 0, 0, NULL, NULL
FROM Yields where Yields.YieldType != 'YIELD_FAITH';
INSERT OR REPLACE INTO ModifierArguments(ModifierId,	Name,		Value) 
SELECT 'BUILDING_QGG_HOH_ELYSIA_STARS_'||YieldType,'YieldType',	YieldType 
FROM Yields where Yields.YieldType != 'YIELD_FAITH';
INSERT OR REPLACE INTO ModifierArguments(ModifierId,	Name,		Value) 
SELECT 'BUILDING_QGG_HOH_ELYSIA_STARS_'||YieldType,'Amount',	12
FROM Yields where Yields.YieldType != 'YIELD_FAITH';
--
INSERT OR REPLACE INTO BuildingModifiers (BuildingType, ModifierId) VALUES 
('BUILDING_QGG_HOH_ELYSIA_VICISSITUDE', 'BUILDING_QGG_HOH_ELYSIA_VICISSITUDE_MOVEMENT');
INSERT OR REPLACE INTO Modifiers (ModifierId, ModifierType, RunOnce, Permanent, NewOnly, OwnerRequirementSetId, SubjectRequirementSetId) VALUES 
('BUILDING_QGG_HOH_ELYSIA_VICISSITUDE_MOVEMENT', 'MODIFIER_PLAYER_UNITS_ADJUST_MOVEMENT', 0, 0, 0, NULL, NULL);
INSERT OR REPLACE INTO ModifierArguments (ModifierId, Name, Value) VALUES 
('BUILDING_QGG_HOH_ELYSIA_VICISSITUDE_MOVEMENT', 'Amount', '2');
--
INSERT OR REPLACE INTO BuildingModifiers (BuildingType, ModifierId) VALUES 
('BUILDING_QGG_HOH_ELYSIA_VICISSITUDE', 'BUILDING_QGG_HOH_ELYSIA_VICISSITUDE_IGNORE_RIVER');
INSERT OR REPLACE INTO Modifiers (ModifierId, ModifierType, RunOnce, Permanent, NewOnly, OwnerRequirementSetId, SubjectRequirementSetId) VALUES 
('BUILDING_QGG_HOH_ELYSIA_VICISSITUDE_IGNORE_RIVER', 'MODIFIER_PLAYER_UNITS_ADJUST_IGNORE_RIVERS', 0, 0, 0, NULL, NULL);
INSERT OR REPLACE INTO ModifierArguments (ModifierId, Name, Value) VALUES 
('BUILDING_QGG_HOH_ELYSIA_VICISSITUDE_IGNORE_RIVER', 'Ignore', 'true');
INSERT OR REPLACE INTO BuildingModifiers (BuildingType, ModifierId) VALUES 
('BUILDING_QGG_HOH_ELYSIA_VICISSITUDE', 'BUILDING_QGG_HOH_ELYSIA_VICISSITUDE_IGNORE_SHORES');
INSERT OR REPLACE INTO Modifiers (ModifierId, ModifierType, RunOnce, Permanent, NewOnly, OwnerRequirementSetId, SubjectRequirementSetId) VALUES 
('BUILDING_QGG_HOH_ELYSIA_VICISSITUDE_IGNORE_SHORES', 'MODIFIER_PLAYER_UNITS_ADJUST_IGNORE_SHORES', 0, 0, 0, NULL, NULL);
INSERT OR REPLACE INTO ModifierArguments (ModifierId, Name, Value) VALUES 
('BUILDING_QGG_HOH_ELYSIA_VICISSITUDE_IGNORE_SHORES', 'Ignore', 'true');
INSERT OR REPLACE INTO BuildingModifiers (BuildingType, ModifierId) VALUES 
('BUILDING_QGG_HOH_ELYSIA_VICISSITUDE', 'BUILDING_QGG_HOH_ELYSIA_VICISSITUDE_IGNORE_ALL');
INSERT OR REPLACE INTO Modifiers (ModifierId, ModifierType, RunOnce, Permanent, NewOnly, OwnerRequirementSetId, SubjectRequirementSetId) VALUES 
('BUILDING_QGG_HOH_ELYSIA_VICISSITUDE_IGNORE_ALL', 'QGG_HOH_MODIFIER_PLAYER_UNITS_ADJUST_IGNORE_TERRAIN_COST', 0, 0, 0, NULL, NULL);
INSERT OR REPLACE INTO ModifierArguments (ModifierId, Name, Value) VALUES 
('BUILDING_QGG_HOH_ELYSIA_VICISSITUDE_IGNORE_ALL', 'Ignore', 'true'), 
('BUILDING_QGG_HOH_ELYSIA_VICISSITUDE_IGNORE_ALL', 'Type', 'ALL');
-- Custom ModifierType
INSERT OR REPLACE INTO Types (Type, Kind) VALUES 
('QGG_HOH_MODIFIER_PLAYER_UNITS_ADJUST_IGNORE_TERRAIN_COST', 'KIND_MODIFIER');
INSERT OR REPLACE INTO DynamicModifiers (ModifierType, CollectionType, EffectType) VALUES 
('QGG_HOH_MODIFIER_PLAYER_UNITS_ADJUST_IGNORE_TERRAIN_COST', 'COLLECTION_PLAYER_UNITS', 'EFFECT_ADJUST_UNIT_IGNORE_TERRAIN_COST');
--
INSERT OR REPLACE INTO BuildingModifiers (BuildingType, ModifierId) VALUES 
('BUILDING_QGG_HOH_ELYSIA_REVERIE', 'BUILDING_QGG_HOH_ELYSIA_REVERIE_ADJACENCY1');
INSERT OR REPLACE INTO Modifiers (ModifierId, ModifierType, RunOnce, Permanent, NewOnly, OwnerRequirementSetId, SubjectRequirementSetId) VALUES 
('BUILDING_QGG_HOH_ELYSIA_REVERIE_ADJACENCY1', 'MODIFIER_PLAYER_DISTRICTS_ADJUST_YIELD_MODIFIER', 0, 0, 0, NULL, 'DISTRICT_IS_HARBOR');
INSERT OR REPLACE INTO ModifierArguments (ModifierId, Name, Value) VALUES 
('BUILDING_QGG_HOH_ELYSIA_REVERIE_ADJACENCY1', 'Amount', '120'), 
('BUILDING_QGG_HOH_ELYSIA_REVERIE_ADJACENCY1', 'YieldType', 'YIELD_GOLD');
INSERT OR REPLACE INTO BuildingModifiers (BuildingType, ModifierId) VALUES 
('BUILDING_QGG_HOH_ELYSIA_REVERIE', 'BUILDING_QGG_HOH_ELYSIA_REVERIE_ADJACENCY2');
INSERT OR REPLACE INTO Modifiers (ModifierId, ModifierType, RunOnce, Permanent, NewOnly, OwnerRequirementSetId, SubjectRequirementSetId) VALUES 
('BUILDING_QGG_HOH_ELYSIA_REVERIE_ADJACENCY2', 'MODIFIER_PLAYER_DISTRICTS_ADJUST_YIELD_MODIFIER', 0, 0, 0, NULL, 'DISTRICT_IS_COMMERCIAL_HUB');
INSERT OR REPLACE INTO ModifierArguments (ModifierId, Name, Value) VALUES 
('BUILDING_QGG_HOH_ELYSIA_REVERIE_ADJACENCY2', 'Amount', '120'), 
('BUILDING_QGG_HOH_ELYSIA_REVERIE_ADJACENCY2', 'YieldType', 'YIELD_GOLD');
--
INSERT OR REPLACE INTO BuildingModifiers (BuildingType, ModifierId) VALUES 
('BUILDING_QGG_HOH_ELYSIA_REVERIE', 'BUILDING_QGG_HOH_ELYSIA_REVERIE_SLOT');
INSERT OR REPLACE INTO Modifiers (ModifierId, ModifierType, RunOnce, Permanent, NewOnly, OwnerRequirementSetId, SubjectRequirementSetId) VALUES 
('BUILDING_QGG_HOH_ELYSIA_REVERIE_SLOT', 'MODIFIER_PLAYER_CULTURE_ADJUST_GOVERNMENT_SLOTS_MODIFIER', 0, 0, 0, NULL, NULL);
INSERT OR REPLACE INTO ModifierArguments (ModifierId, Name, Value) VALUES 
('BUILDING_QGG_HOH_ELYSIA_REVERIE_SLOT', 'GovernmentSlotType', 'SLOT_ECONOMIC');


------
-- INSERT OR REPLACE INTO TraitModifiers (TraitType, ModifierId) VALUES 
-- ('TRAIT_LEADER_QGG_HOH_ELYSIA', 'TRAIT_LEADER_QGG_HOH_ELYSIA_PROPERTY_12BUILDINGS');
-- INSERT OR REPLACE INTO Modifiers (ModifierId, ModifierType, RunOnce, Permanent, NewOnly, OwnerRequirementSetId, SubjectRequirementSetId) VALUES 
-- ('TRAIT_LEADER_QGG_HOH_ELYSIA_PROPERTY_12BUILDINGS', 'MODIFIER_PLAYER_ADJUST_PROPERTY', 0, 0, 0, NULL, 'RS_HOH_HAS_12BUILDINGS');
-- INSERT OR REPLACE INTO ModifierArguments (ModifierId, Name, Value) VALUES 
-- ('TRAIT_LEADER_QGG_HOH_ELYSIA_PROPERTY_12BUILDINGS', 'Key', 'WanderingDream'),
-- ('TRAIT_LEADER_QGG_HOH_ELYSIA_PROPERTY_12BUILDINGS', 'Amount', '1');
-- -- RequirementSets
-- INSERT OR REPLACE INTO RequirementSets (RequirementSetId, RequirementSetType) VALUES 
-- ('RS_HOH_HAS_12BUILDINGS', 'REQUIREMENTSET_TEST_ALL');
-- INSERT OR REPLACE INTO RequirementSetRequirements (RequirementSetId, RequirementId)
-- SELECT 'RS_HOH_HAS_12BUILDINGS','REQ_HOH_HAS_12BUILDINGS_'||BuildingType
-- FROM QGG13HeroesBuildings;
-- ---- Requirements
-- INSERT OR REPLACE INTO Requirements (RequirementId, RequirementType)
-- SELECT 'REQ_HOH_HAS_12BUILDINGS_'||BuildingType, 'REQUIREMENT_PLAYER_HAS_BUILDING'
-- FROM QGG13HeroesBuildings;
-- INSERT OR REPLACE INTO RequirementArguments (RequirementId, Name, Value)
-- SELECT 'REQ_HOH_HAS_12BUILDINGS_'||BuildingType, 'BuildingType',BuildingType
-- FROM QGG13HeroesBuildings;
--
INSERT OR REPLACE INTO Modifiers (ModifierId, ModifierType, RunOnce, Permanent, NewOnly, OwnerRequirementSetId, SubjectRequirementSetId) VALUES 
('TRAIT_LEADER_QGG_HOH_ELYSIA_PROPERTY_12BUILDINGS_YIELD_PRODUCTION', 'QGG_HOH_MODIFIER_ALL_CITIES_ADJUST_CITY_YIELD_MODIFIER', 0, 0, 0, NULL, NULL);
INSERT OR REPLACE INTO ModifierArguments (ModifierId, Name, Value) VALUES 
('TRAIT_LEADER_QGG_HOH_ELYSIA_PROPERTY_12BUILDINGS_YIELD_PRODUCTION', 'Amount', '50'), 
('TRAIT_LEADER_QGG_HOH_ELYSIA_PROPERTY_12BUILDINGS_YIELD_PRODUCTION', 'YieldType', 'YIELD_PRODUCTION');
-- Custom ModifierType
INSERT OR REPLACE INTO Types (Type, Kind) VALUES 
('QGG_HOH_MODIFIER_ALL_CITIES_ADJUST_CITY_YIELD_MODIFIER', 'KIND_MODIFIER');
INSERT OR REPLACE INTO DynamicModifiers (ModifierType, CollectionType, EffectType) VALUES 
('QGG_HOH_MODIFIER_ALL_CITIES_ADJUST_CITY_YIELD_MODIFIER', 'COLLECTION_ALL_CITIES', 'EFFECT_ADJUST_CITY_YIELD_MODIFIER');
--
INSERT OR REPLACE INTO Modifiers (ModifierId, ModifierType, RunOnce, Permanent, NewOnly, OwnerRequirementSetId, SubjectRequirementSetId) VALUES 
('TRAIT_LEADER_QGG_HOH_ELYSIA_PROPERTY_12BUILDINGS_PLOT_PRODUCTION', 'MODIFIER_PLAYER_ADJUST_PLOT_YIELD', 0, 0, 0, NULL, NULL),
('TRAIT_LEADER_QGG_HOH_ELYSIA_PROPERTY_12BUILDINGS_PLOT_FAITH', 'MODIFIER_PLAYER_ADJUST_PLOT_YIELD', 0, 0, 0, NULL, NULL),
('TRAIT_LEADER_QGG_HOH_ELYSIA_PROPERTY_12BUILDINGS_PLOT_FOOD', 'MODIFIER_PLAYER_ADJUST_PLOT_YIELD', 0, 0, 0, NULL, NULL);
INSERT OR REPLACE INTO ModifierArguments (ModifierId, Name, Value) VALUES 
('TRAIT_LEADER_QGG_HOH_ELYSIA_PROPERTY_12BUILDINGS_PLOT_PRODUCTION', 'Amount', '2'), 
('TRAIT_LEADER_QGG_HOH_ELYSIA_PROPERTY_12BUILDINGS_PLOT_PRODUCTION', 'YieldType', 'YIELD_PRODUCTION'),
('TRAIT_LEADER_QGG_HOH_ELYSIA_PROPERTY_12BUILDINGS_PLOT_FAITH', 'Amount', '2'), 
('TRAIT_LEADER_QGG_HOH_ELYSIA_PROPERTY_12BUILDINGS_PLOT_FAITH', 'YieldType', 'YIELD_FAITH'),
('TRAIT_LEADER_QGG_HOH_ELYSIA_PROPERTY_12BUILDINGS_PLOT_FOOD', 'Amount', '2'), 
('TRAIT_LEADER_QGG_HOH_ELYSIA_PROPERTY_12BUILDINGS_PLOT_FOOD', 'YieldType', 'YIELD_FOOD');



insert or replace into Improvement_ValidFeatures(ImprovementType,FeatureType)
SELECT ImprovementType,'QGG_HOH_VIRTUAL_FEATURE'
from Improvement_ValidFeatures;


